{"seatNamePrefix":"Seat-NC-CHARLOTTE-DUKE ENERGY CENTER-021-","seats":[{"x":50.180999999999997,"y":192.88499999999999,"angle":0,"code":"2165-06"}],"iconHeight":15,"iconWidth":13.333,"svg":"../../assets/B0007-B2110-no-seat-number.svg","svgWidth":1071.8,"svgHeight":1071.8}