{"seats":[{"y":82,"code":"1753-23","x":71,"angle":0},{"code":"1753-22","y":127.59999999999999,"angle":0,"x":70.700000000000003},{"code":"1753-21","y":173.59999999999999,"angle":0,"x":70.599999999999994},{"code":"1753-20","y":219.69999999999999,"angle":0,"x":70.700000000000003}],"iconHeight":21.600000000000001,"iconWidth":22.199999999999999,"svg":"../../assets/B0001-B1710-no-seat-number.svg","svgWidth":1616.0999999999999,"seatNamePrefix":"seat-nc-charlotte-400 south tryon-017-","svgHeight":1115.4000000000001}